table,type,slug,url,title,link_count,minimum,deficit,pillar,existing_links
jack_articles,JackArticle,amazon-news-aws-uae-data-center-fire-iran-strikes-march-2026,/amazon/news/aws-uae-data-center-fire-iran-strikes-march-2026,"AWS Temporarily Shuts Down UAE Availability Zone mec1-az2 After Objects Strike F",0,5,5,Tech / AI,""
jack_articles,JackArticle,bio-hacking-news-science-study-3000-genes-sex-differences-human-brain-decasien-2026,/bio-hacking/news/science-study-3000-genes-sex-differences-human-brain-decasien-2026,"Science Study | 3,000 Genes Show Sex Differences in Human Brain",0,5,5,Other,""
jack_articles,JackArticle,blackrock-news-blackrock-57-million-iqm-quantum-computers-us-listing-2026,/blackrock/news/blackrock-57-million-iqm-quantum-computers-us-listing-2026,"BlackRock Invests $57M in IQM Quantum Computers Ahead of U.S. Listing",0,5,5,Other,""
jack_articles,JackArticle,cars-porsche-911-gt3-sc-sport-cabriolet-reveal-2026,/cars/porsche/911-gt3-sc-sport-cabriolet-reveal-2026,"Porsche 911 GT3 S/C | First GT3 Convertible, 502 hp, $275K",0,5,5,Other,""
jack_articles,JackArticle,cars-tesla-semi-truckers-mass-production-nevada-2026,/cars/tesla-semi-truckers-mass-production-nevada-2026,"Tesla Semi Wins Over Truckers Ahead of Mass Production Ramp",0,5,5,Other,""
jack_articles,JackArticle,cloudflare-news-dynamic-workers-open-beta-ai-code-execution-2026,/cloudflare/news/dynamic-workers-open-beta-ai-code-execution-2026,"Cloudflare Launches Dynamic Workers Open Beta for AI Code Execution",0,5,5,Tech / AI,""
jack_articles,JackArticle,entertainment-hbo-max-euphoria-season-3-premiere-hbo-5-year-time-jump-2026,/entertainment/hbo-max/euphoria-season-3-premiere-hbo-5-year-time-jump-2026,"Euphoria Season 3 | HBO Premiere, Time Jump, Episode Guide 2026",0,5,5,Entertainment,""
jack_articles,JackArticle,finance-dollar-surges-euro-slumps-jobs-report-april-3-2026,/finance/dollar-surges-euro-slumps-jobs-report-april-3-2026,"Dollar Surges, Euro Slumps | Blowout Jobs Report April 2026",0,5,5,Finance,""
jack_articles,JackArticle,google-ai-coding-strike-team-antigravity-claude-code-2026,/google/ai-coding-strike-team-antigravity-claude-code-2026,"Google AI Coding Strike Team | Antigravity vs Claude Code 2026",0,5,5,Google,""
jack_articles,JackArticle,google-news-apple-gemini-siri-upgrade-march-2026,/google/news/apple-gemini-siri-upgrade-march-2026,"Apple\u2019s Gemini-Powered Siri Upgrade May Still Ship in March",0,5,5,Google,""
jack_articles,JackArticle,jackarticle-test,/jackarticle/test,"Pipeline Test — JackArticle Component",0,5,5,Other,""
jack_articles,JackArticle,news-kalshi-khamenei-market-trader-losses-ceo-refund-pledge-march-2026,/news/kalshi-khamenei-market-trader-losses-ceo-refund-pledge-march-2026,"Kalshi Traders Report Losses on Khamenei ""Out as Supreme Leader"" Market Despite ",0,5,5,Other,""
jack_articles,JackArticle,tech-minimax-maxclaw-openclaw-cloud-agent-clawbot-saas-february-2026,/tech/minimax-maxclaw-openclaw-cloud-agent-clawbot-saas-february-2026,"MiniMax Launches MaxClaw Cloud-Hosted OpenClaw Agent on February 25; Clawbot AI ",0,5,5,Tech / AI,""
jack_articles,JackArticle,tech-news-adobe-firefly-ai-assistant-canva-ai-2-agentic-design-2026,/tech/news/adobe-firefly-ai-assistant-canva-ai-2-agentic-design-2026,"Adobe Firefly AI Assistant vs Canva AI 2.0 | Agentic Design 2026",0,5,5,Tech / AI,""
jack_articles,JackArticle,tech-news-gaming-industry-layoffs-ea-sony-riot-ubisoft-february-2026,/tech/news/gaming-industry-layoffs-ea-sony-riot-ubisoft-february-2026,"Gaming Industry Sheds Jobs Across EA, Sony, Riot, and Ubisoft in February 2026",0,5,5,Tech / AI,""
jack_articles,JackArticle,tech-news-tsmc-asml-record-earnings-q1-2026-ai-chip-demand,/tech/news/tsmc-asml-record-earnings-q1-2026-ai-chip-demand,"TSMC ASML Record Earnings Q1 2026 | AI Chip Demand Soars",0,5,5,Tech / AI,""
jack_articles,JackArticle,tech-perplexity-news-perplexity-computer-agentic-ai-platform-explained-2026,/tech/perplexity/news/perplexity-computer-agentic-ai-platform-explained-2026,"Perplexity Computer | Agentic AI Platform, Pricing, How It Works 2026",0,5,5,Tech / AI,""
jack_articles,JackArticle,tech-stripe-stripe-stablecoins-aws-for-money-payments-2026,/tech/stripe/stripe-stablecoins-aws-for-money-payments-2026,"Stripe Stablecoins | AWS for Money Strategy, Bridge, Tempo 2026",0,5,5,Tech / AI,""
jack_articles,JackArticle,technology-cursor,/technology/cursor,"Cursor Hits $2 Billion ARR — Anysphere Doubles Revenue in Three Months",0,5,5,Tech / AI,""
jack_articles,JackArticle,technology-tencent-openclaw-ai-agent-wechat,/technology/tencent-openclaw-ai-agent-wechat,"Tencent Embeds OpenClaw AI Agent into WeChat for Over a Billion Users",0,5,5,Tech / AI,""
jack_articles,JackArticle,trump-ice-arrest-sfo-airport-nationwide-deployment,/trump/ice-arrest-sfo-airport-nationwide-deployment,"ICE Agents Arrest Woman at SFO as Nationwide Airport Deployment Begins",0,5,5,Trump / Politics,""
jack_articles,JackArticle,trump-tax-law-corporate-revenue-drop-65-billion,/trump/tax-law-corporate-revenue-drop-65-billion,"Trump Tax Law | Corporate Revenue Down $65B, Analysis Finds",0,5,5,Trump / Politics,""
jack_articles,JackArticle,trump-trump-auto-tariffs-25-percent-april-3,/trump/trump-auto-tariffs-25-percent-april-3,"Trump Signs 25% Auto Tariff Order — Global Carmakers Brace for April 3 Shock",0,5,5,Trump / Politics,""
jack_articles,JackArticle,video-games-battlefield-6-news-2026-roadmap-seasons-3-4-5-naval-warfare-back-to-roots,/video-games/battlefield-6/news/2026-roadmap-seasons-3-4-5-naval-warfare-back-to-roots,"Battlefield 6 2026 Roadmap | Seasons 3-5, Naval Warfare, Server Browser",0,5,5,Video Games,""
jack_articles,JackArticle,video-games-epic,/video-games/epic,"Unreal Engine Expands Beyond Gaming Into Film, Automotive, and Architecture — 20",0,5,5,Video Games,""
jack_articles,JackArticle,video-games-forza-horizon-6-news-pre-launch-511k-steam-presales-alinea-analytics-2026,/video-games/forza-horizon-6/news/pre-launch-511k-steam-presales-alinea-analytics-2026,"Forza Horizon 6 | 511K Steam Pre-Sales, $30M Revenue Before Launch",0,5,5,Video Games,""
jack_articles,JackArticle,video-games-mha-ultra-rumble-season-16,/video-games/mha/ultra-rumble/season-16,"My Hero Ultra Rumble Season 16 Goes Plus Ultra for the 2.5 Anniversary",0,5,5,Video Games,""
jack_articles,JackArticle,video-games-news-marathon-server-slam-steam-concurrent-players-peak-drop-march-2026,/video-games/news/marathon-server-slam-steam-concurrent-players-peak-drop-march-2026,"Marathon Server Slam Steam Concurrent Players Drop Over 50% From 143,621 Peak",0,5,5,Video Games,""
jack_articles,JackArticle,video-games-racing-polyphony-gran-turismo,/video-games/racing/polyphony-gran-turismo,"Gran Turismo 7 Review — The Gold Standard of Sim Racing, and Why Polyphony Digit",0,5,5,Video Games,""
jack_articles,JackArticle,video-games-unreal-engine-ue-5-7-megalights-pcg-nanite-voxels-2026,/video-games/unreal-engine/ue-5-7-megalights-pcg-nanite-voxels-2026,"Unreal Engine 5.7 | MegaLights, PCG Production-Ready, Nanite Voxels 2026",0,5,5,Video Games,""
articles,NewsArticle,amazon-news-amazon-acquires-fauna-robotics-sprout-humanoid,/amazon/news/amazon-acquires-fauna-robotics-sprout-humanoid,"Amazon Acquires Fauna Robotics to Build ",0,4,4,Tech / AI,""
articles,NewsArticle,apple-news-apple-ceo-transition-tim-cook-steps-down-john-ternus-2026,/apple/news/apple-ceo-transition-tim-cook-steps-down-john-ternus-2026,"Tim Cook Steps Down | Apple Names John Ternus CEO 2026",0,4,4,Apple,""
articles,NewsArticle,bio-hacking,/bio-hacking,"Bio",0,4,4,Other,""
articles,NewsArticle,bio-hacking-news-oslo-patient-hiv-cure-ccr5-bone-marrow-transplant-2026,/bio-hacking/news/oslo-patient-hiv-cure-ccr5-bone-marrow-transplant-2026,"Oslo Patient Becomes Roughly the Tenth Person Cured of HIV | CCR5 Mutation, Bone",0,4,4,Other,""
articles,NewsArticle,bio-hacking-penn-study-unreported-glp-1-side-effects-reddit,/bio-hacking/penn-study-unreported-glp-1-side-effects-reddit,"Penn Study Finds Unreported GLP-1 Side Effects in Reddit Posts",0,4,4,Other,""
articles,NewsArticle,blackrock-blackrock-fidelity-bought-400m-bitcoin-golds-worst-weekly-drop,/blackrock/blackrock-fidelity-bought-400m-bitcoin-golds-worst-weekly-drop,"BlackRock and Fidelity Bought $400M in Bitcoin Amid Gold",0,4,4,Other,""
articles,NewsArticle,california-california-highway-expansion-2026-state-transportation-improvement-program,/california/california-highway-expansion-2026-state-transportation-improvement-program,"California Approves Highway Expansion as Record Heat Wave Grips the West",0,4,4,Other,""
articles,NewsArticle,california-california-tech-layoffs-2026-ai-restructuring-26000-job-cuts,/california/california-tech-layoffs-2026-ai-restructuring-26000-job-cuts,"California Tech Sector Announces 26,283 Job Cuts in Early 2026 Amid AI-Driven Re",0,4,4,Other,""
articles,NewsArticle,central-cee-all-roads-lead-home-march-28th-ep,/central-cee/all-roads-lead-home-march-28th-ep,"Central Cee Returns to His Roots with Surprise EP All Roads Lead Home",0,4,4,Other,""
articles,NewsArticle,claude-news-anthropic-claude-pro-plan-claude-code-access-2026,/claude/news/anthropic-claude-pro-plan-claude-code-access-2026,"Claude Pro $20 Plan | The Claude Code Removal Scare, Explained",0,4,4,Tech / AI,""
articles,NewsArticle,claude-news-anthropic-government-id-verification-claude,/claude/news/anthropic-government-id-verification-claude,"Anthropic Now Requires Government ID for Some Claude Users",0,4,4,Tech / AI,""
articles,NewsArticle,claude-news-anthropic-mythos-uk-banks-expansion,/claude/news/anthropic-mythos-uk-banks-expansion,"Anthropic Mythos UK Banks | Claude AI Model Expanding to British Financial Insti",0,4,4,Tech / AI,""
articles,NewsArticle,copyright-meta-meta-child-safety-verdicts-new-mexico-los-angeles-march-2026,/copyright/meta/meta-child-safety-verdicts-new-mexico-los-angeles-march-2026,"Meta Hit with Double Blow in Historic Child Safety Verdicts",0,4,4,Other,""
articles,NewsArticle,copyright-news-deere-99m-settlement-right-to-repair-digital-tools,/copyright/news/deere-99m-settlement-right-to-repair-digital-tools,"Deere Agrees to $99M Settlement, Digital Tools in Right-to-Repair Suit",0,4,4,Other,""
articles,NewsArticle,copyright-nicole-daedone-sentenced-9-years-onetaste-forced-labor-2026,/copyright/nicole-daedone-sentenced-9-years-onetaste-forced-labor-2026,"OneTaste Founder Nicole Daedone Sentenced to 9 Years for Forced Labor Conspiracy",0,4,4,Other,""
articles,NewsArticle,copyright-sony-playstation-age-verification-psn-online-safety-laws-2026,/copyright/sony/playstation-age-verification-psn-online-safety-laws-2026,"PlayStation Age Verification | PSN Voice Chat and Broadcasting Get an Age Gate i",0,4,4,Other,""
articles,NewsArticle,crypto-coinbase-clarity-act-stablecoin-yield-ban,/crypto/coinbase/clarity-act-stablecoin-yield-ban,"Coinbase Says It Can",0,4,4,Finance,""
articles,NewsArticle,crypto-coinbase-new-york-ath-ray-nct-strk-2026,/crypto/coinbase-new-york-ath-ray-nct-strk-2026,"Coinbase Opens Four Crypto Tokens to New York Traders",0,4,4,Finance,""
articles,NewsArticle,crypto-news-anchorage-digital-tron-institutional-custody-2026,/crypto/news/anchorage-digital-tron-institutional-custody-2026,"Anchorage Digital Brings TRON to U.S. Institutional Market",0,4,4,Finance,""
articles,NewsArticle,crypto-news-visa-usdc-solana-settlement-lead-bank-cross-river,/crypto/news/visa-usdc-solana-settlement-lead-bank-cross-river,"Visa Settles Bank Transactions in USDC on Solana | Lead Bank, Cross River Live",0,4,4,Finance,""
articles,NewsArticle,define-democrate-dhs-funding-shutdown-senate-democrats-counteroffer-march-2026,/define/democrate/dhs-funding-shutdown-senate-democrats-counteroffer-march-2026,"Democrats Send DHS Funding Proposal Amid Month-Long Shutdown",0,4,4,Other,""
articles,NewsArticle,entertainment-marvel-avengers-doomsday-trailer-cinemacon-2026-robert-downey-jr,/entertainment/marvel/avengers-doomsday-trailer-cinemacon-2026-robert-downey-jr,"Avengers Doomsday Trailer Debuts at CinemaCon 2026 | Robert Downey Jr as Doctor ",0,4,4,Entertainment,""
articles,NewsArticle,entertainment-movies-street-fighter-movie-2026-trailer-cinemacon-cast-world-warrior,/entertainment/movies/street-fighter-movie-2026-trailer-cinemacon-cast-world-warrior,"Street Fighter Movie 2026 | Full Trailer Debuts at CinemaCon, October 16 Release",0,4,4,Entertainment,""
articles,NewsArticle,events-gdc-2026,/events/gdc-2026,"GDC 2026",0,4,4,Other,""
articles,NewsArticle,events-gtc-2026,/events/gtc-2026,"GTC 2026",0,4,4,Other,""
articles,NewsArticle,google-google-research-releases-turboquant,/google/google-research-releases-turboquant,"Google Research Releases TurboQuant: 6x KV Cache Compression With Zero Accuracy ",0,4,4,Google,""
articles,NewsArticle,google-news-alphabet-raises-32b-in-24-hours-with-rare-100-year-bond,/google/news/alphabet-raises-32b-in-24-hours-with-rare-100-year-bond,"Alphabet Raises $32B in 24 Hours with Rare 100-Year Bond",0,4,4,Google,""
articles,NewsArticle,google-news-gemini-embedding-2-multimodal-embedding-model,/google/news/gemini-embedding-2-multimodal-embedding-model,"Gemini Embedding 2: Our First Natively Multimodal Embedding Model",0,4,4,Google,""
articles,NewsArticle,google-news-iran-cyber-attacks-google-threat-intelligence-march-2026,/google/news/iran-cyber-attacks-google-threat-intelligence-march-2026,"Google Warns of Iran-Linked Cyber Attacks Targeting Global Infrastructure Amid O",0,4,4,Google,""
articles,NewsArticle,google-news-kering-gucci-smart-glasses-google-2027,/google/news/kering-gucci-smart-glasses-google-2027,"Gucci Smart Glasses | Kering and Google Partner for 2027 Launch",0,4,4,Google,""
articles,NewsArticle,google-waymo-waymo-500000-rides-per-week-10-cities-2026,/google/waymo/waymo-500000-rides-per-week-10-cities-2026,"Waymo Nears 500,000 Rides Per Week Across 10 U.S. Cities",0,4,4,Google,""
articles,NewsArticle,indonesia-news-indonesia-5-5-percent-q1-growth-world-bank-cut,/indonesia/news/indonesia-5-5-percent-q1-growth-world-bank-cut,"Indonesia Claims 5.5% Q1 Growth, Shrugs Off World Bank Cut",0,4,4,Other,""
articles,NewsArticle,influencer-alanforze-supernova-genesis-2026-netflix-arena-ciudad-de-mexico,/influencer/alanforze/supernova-genesis-2026-netflix-arena-ciudad-de-mexico,"Supernova: Genesis 2026 | Netflix Live, Arena Ciudad de Mexico, April 26",0,4,4,Influencer,""
articles,NewsArticle,influencer-mrbeast-launches-beast-games-season-2-casting,/influencer/mrbeast-launches-beast-games-season-2-casting,"MrBeast Opens Beast Games Season 2 Casting: ",0,4,4,Influencer,""
articles,NewsArticle,investigations-rappers-d4vd-arrested-murder-celeste-rivas-hernandez-tesla,/investigations/rappers/d4vd-arrested-murder-celeste-rivas-hernandez-tesla,"D4vd Arrested for Murder of Celeste Rivas Hernandez After Body Found in Tesla",0,4,4,Other,""
articles,NewsArticle,lawsuit-california-files-againast-amazon-after-emails-reveiled,/lawsuit/california-files-againast-amazon-after-emails-reveiled,"California vs Amazon | Unsealed Emails Reveal a System of Artificial Price Floor",0,4,4,Other,""
articles,NewsArticle,meta-news-eu-age-verification-app-meta-google-verdicts,/meta/news/eu-age-verification-app-meta-google-verdicts,"EU Launches Age Verification App After Landmark Verdicts Against Meta, Google",0,4,4,Tech / AI,""
articles,NewsArticle,microsoft,/microsoft,"Microsoft Corporation â€” Products, News & Analysis",0,4,4,Tech / AI,""
articles,NewsArticle,microsoft-news-valve-ships-cs2-animation-overhaul-not-cs3-april-2026,/microsoft/news/valve-ships-cs2-animation-overhaul-not-cs3-april-2026,"CS2 Animation Overhaul | Valve Debunks CS3 Rumor, April 2026",0,4,4,Tech / AI,""
articles,NewsArticle,microsoft-xbox,/microsoft/xbox,"Xbox",0,4,4,Tech / AI,""
articles,NewsArticle,mls-lafc-black-gold-lockdown,/mls/lafc-black-gold-lockdown,"Black & Gold Lockdown | How LAFC Built the West's Best Defense Without Losing Th",0,4,4,Other,""
articles,NewsArticle,mls-san-diego-fc-1904-fairytale,/mls/san-diego-fc-1904-fairytale,"The 1904 Fairytale | How San Diego FC Is Defying the Expansion Side Curse with a",0,4,4,Other,""
articles,NewsArticle,mls-san-jose-quakes-defensive-resurgence,/mls/san-jose-quakes-defensive-resurgence,"Quakes 2.0 | The Defensive Resurgence and Timo Werner's Golden Boot Charge in Sa",0,4,4,Other,""
articles,NewsArticle,nasa-news-black-hole-jet-power-measured-cygnus-x1-curtin-university,/nasa/news/black-hole-jet-power-measured-cygnus-x1-curtin-university,"Black Hole Jet Power Measured for the First Time | Cygnus X-1 Carries Energy of ",0,4,4,Other,""
articles,NewsArticle,news-vast-freshwater-reservoir-found-beneath-great-salt-lake-2026,/news/vast-freshwater-reservoir-found-beneath-great-salt-lake-2026,"Vast Freshwater Reservoir Found Beneath the Great Salt Lake",0,4,4,Other,""
articles,NewsArticle,newsarticle-test,/newsarticle/test,"NewsArticle Component | Pipeline Verification",0,4,4,Other,""
articles,NewsArticle,nvidia-class-action-jensen-huang-crypto-revenue-2026,/nvidia/class-action-jensen-huang-crypto-revenue-2026,"Federal Judge Certifies Class Action Against NVIDIA and CEO Jensen Huang",0,4,4,Nvidia,""
articles,NewsArticle,nvidia-news-nvidia-blackwell-b300-data-center-demand-surge-2026,/nvidia/news/nvidia-blackwell-b300-data-center-demand-surge-2026,"NVIDIA\u2019s Blackwell B300 Demand Has \u2018Completely Broken\u2019 Data Cente",0,4,4,Nvidia,""
articles,NewsArticle,redbull-news-red-bull-racing-crisis-2026-verstappen-exit-brain-drain,/redbull/news/red-bull-racing-crisis-2026-verstappen-exit-brain-drain,"Red Bull Racing Faces Triple Crisis | Brain Drain, RB22 Disaster, Verstappen Exi",0,4,4,Influencer,""
articles,NewsArticle,rocket-league,/rocket-league,"Rocket League",0,4,4,Other,""
articles,NewsArticle,social-meta-news-meta-ray-ban-display-glasses-eu-blocked-battery-regulation-2026,/social/meta/news/meta-ray-ban-display-glasses-eu-blocked-battery-regulation-2026,"Meta Ray-Ban Display Glasses Blocked in EU | Battery Law, AI Rules, Supply Short",0,4,4,Other,""
articles,NewsArticle,social-meta-news-meta-targeted-layoffs-reality-labs-social-teams-march-2026,/social/meta/news/meta-targeted-layoffs-reality-labs-social-teams-march-2026,"Meta Begins ",0,4,4,Other,""
articles,NewsArticle,social-tiktok-Announcement-from-the-new-TikTok-USDS-Joint-Venture-LLC,/social/tiktok/Announcement-from-the-new-TikTok-USDS-Joint-Venture-LLC,"TikTok Announces USDS Joint Venture LLC to Address U.S. Security Concerns",0,4,4,Other,""
articles,NewsArticle,tech-news-mozilla-thunderbolt-self-hostable-ai-client,/tech/news/mozilla-thunderbolt-self-hostable-ai-client,"Mozilla Thunderbolt | MZLA Launches Self-Hostable Open-Source AI Client",0,4,4,Tech / AI,""
articles,NewsArticle,tech-news-softbank-natural-ai-phone-brain-technologies-japan-2026,/tech/news/softbank-natural-ai-phone-brain-technologies-japan-2026,"SoftBank Natural AI Phone | Brain Technologies Launches Japan's First Post-App S",0,4,4,Tech / AI,""
articles,NewsArticle,tech-news-tenstorrent-tt-quietbox-2-risc-v-ai-workstation-9999,/tech/news/tenstorrent-tt-quietbox-2-risc-v-ai-workstation-9999,"Tenstorrent Disrupts AI Workstation Market with $9,999 RISC-V ",0,4,4,Tech / AI,""
articles,NewsArticle,tech-perplexity-news-crowdstrike-perplexity-comet-enterprise-falcon-security-partnership,/tech/perplexity/news/crowdstrike-perplexity-comet-enterprise-falcon-security-partnership,"CrowdStrike & Perplexity Unite to Shield the ",0,4,4,Tech / AI,""
articles,NewsArticle,tech-perplexity-news-perplexity-personal-computer-ai-agent-developer-suite-ask-2026,/tech/perplexity/news/perplexity-personal-computer-ai-agent-developer-suite-ask-2026,"Perplexity Unveils ",0,4,4,Tech / AI,""
articles,NewsArticle,technology-news-kaiser-permanente-ufcw-contract-ai-protections-2026,/technology/news/kaiser-permanente-ufcw-contract-ai-protections-2026,"Kaiser Permanente Workers Ratify Contract with AI Protections",0,4,4,Tech / AI,""
articles,NewsArticle,technology-wordpress-ai-agents-write-publish-content-mcp-2026,/technology/wordpress-ai-agents-write-publish-content-mcp-2026,"WordPress.com Lets AI Agents Write and Publish Site Content",0,4,4,Tech / AI,""
articles,NewsArticle,trump-trump-ice-agents-drop-masks-airports,/trump/trump-ice-agents-drop-masks-airports,"Trump Tells ICE Agents to Drop Masks at Airports as Deployment Begins",0,4,4,Trump / Politics,""
articles,NewsArticle,trump-trump-totalenergies-928m-offshore-wind-exit,/trump/trump-totalenergies-928m-offshore-wind-exit,"Trump Admin Pays TotalEnergies $928M to Exit Offshore Wind Projects",0,4,4,Trump / Politics,""
articles,NewsArticle,video-games-forza-horizon-6,/video-games/forza-horizon-6,"Everything Known About Forza Horizon 6 as of March 2026",0,4,4,Video Games,""
articles,NewsArticle,video-games-mythmatch,/video-games/mythmatch,"Mythmatch",0,4,4,Video Games,""
articles,NewsArticle,video-games-new-crimson-desert-ai-art-steam-disclosure-controversy,/video-games/new/crimson-desert-ai-art-steam-disclosure-controversy,"Crimson Desert Players Flag Suspected AI Art, Raising Steam Disclosure Questions",0,4,4,Video Games,""
articles,NewsArticle,video-games-news-gta6-pre-orders-as-take-two-ausures-sony-microsoft-no-more-delay,/video-games/news/gta6-pre-orders-as-take-two-ausures-sony-microsoft-no-more-delay,"GTA 6 Pre-Orders May Be Imminent as PlayStation Database Lists Title IDs | Take-",0,4,4,Video Games,""
articles,NewsArticle,video-games-news-marathon-bungie-update-1-0-0-4-uesc-nerf-patch-notes,/video-games/news/marathon-bungie-update-1-0-0-4-uesc-nerf-patch-notes,"Bungie Nerfs UESC AI to Ease the ",0,4,4,Video Games,""
articles,NewsArticle,video-games-news-rainbow-six-siege-operation-silent-hunt-y11s1-solid-snake,/video-games/news/rainbow-six-siege-operation-silent-hunt-y11s1-solid-snake,"Rainbow Six Siege Operation Silent Hunt | Solid Snake, 1v1 Arcade, and the End o",0,4,4,Video Games,""
articles,NewsArticle,video-games-news-rainbow-six-siege-y11s1-1-balance-patch-operator-buffs,/video-games/news/rainbow-six-siege-y11s1-1-balance-patch-operator-buffs,"Rainbow Six Siege Y11S1.1 Patch | Every Operator and Weapon Buff Explained",0,4,4,Video Games,""
articles,NewsArticle,video-games-news-rocket-league-season-22-v2-66-patch-notes,/video-games/news/rocket-league-season-22-v2-66-patch-notes,"Rocket League Season 22 | v2.66 Patch Notes, Rocket Pass, and QoL Upgrades",0,4,4,Video Games,""
articles,NewsArticle,video-games-rainbow-6-siege,/video-games/rainbow-6-siege,"Rainbow Six Siege",0,4,4,Video Games,""
articles,NewsArticle,world-cup-news-world-cup-2026-us-transit-prices-fans-outraged,/world-cup/news/world-cup-2026-us-transit-prices-fans-outraged,"World Cup 2026 Transit Prices | Fans Outraged by $100 Train Fares to MetLife Sta",0,4,4,World Cup,""
articles,NewsArticle,youtube-news-omnibus-project-ken-jennings-john-roderick-suspended-ai-moderation,/youtube/news/omnibus-project-ken-jennings-john-roderick-suspended-ai-moderation,"YouTube Suspends ",0,4,4,YouTube / Sidemen,""
articles,NewsArticle,youtube-sidemen-inside-uk-season3-ratings-review-winner,/youtube/sidemen/inside-uk/season3/ratings-review-winner,"Sidemen Inside Season 3 Review | Winner, Ratings, Worth Watching",0,4,4,YouTube / Sidemen,""
jack_articles,JackArticle,apple-core-ai-framework-replaces-core-ml-wwdc-2026-bloomberg,/apple/core-ai-framework-replaces-core-ml-wwdc-2026-bloomberg,"Apple Plans Core AI Framework to Replace Core ML at WWDC 2026, Bloomberg Reports",1,5,4,Apple,"/apple/news/apple-march-2026-products-macbook-iphone-17e-ipad-air-m5"
jack_articles,JackArticle,austin-michael-dell-750-million-ut-austin-ai-hospital-2026,/austin/michael-dell-750-million-ut-austin-ai-hospital-2026,"Michael Dell $750M Gift | UT Austin AI-Native Hospital 2026",1,5,4,Other,"/tech/news/white-collar-jobs-decline-31-consecutive-months-2026"
jack_articles,JackArticle,copyright-news-aoc-mlb-polymarket-gambling-warning,/copyright/news/aoc-mlb-polymarket-gambling-warning,"AOC Calls MLB's $300M Polymarket Deal 'Sad,' Warns Against Pervasive Gambling",1,5,4,Other,"/copyright/news/letitia-james-sues-counter-strike"
jack_articles,JackArticle,copyright-news-circle-class-action-drift-protocol-285m-hack-solana,/copyright/news/circle-class-action-drift-protocol-285m-hack-solana,"Circle Class Action | Drift Protocol $285M Hack Solana",1,5,4,Other,"/crypto/news/visa-usdc-solana-settlement-lead-bank-cross-river"
jack_articles,JackArticle,crypto-bernstein-circle-coinbase-stablecoin-kings-ai-era,/crypto/bernstein-circle-coinbase-stablecoin-kings-ai-era,"Bernstein Crowns Circle and Coinbase as ""Stablecoin Kings"" for the AI Era",1,5,4,Finance,"/crypto"
jack_articles,JackArticle,crypto-news-kucoin-cftc-settlement-us-bar-peken-global,/crypto/news/kucoin-cftc-settlement-us-bar-peken-global,"KuCoin CFTC Settlement | Peken Global Barred from U.S.",1,5,4,Finance,"/crypto"
jack_articles,JackArticle,crypto-warren-mrbeast-step-crypto-children,/crypto/warren-mrbeast-step-crypto-children,"Warren Presses MrBeast on Crypto Plans for Children Through Step App",1,5,4,Finance,"/influencer"
jack_articles,JackArticle,netflix-news-netflix-q1-2026-earnings-tiktok-feed-ben-affleck-interpositive-reed-hastings,/netflix/news/netflix-q1-2026-earnings-tiktok-feed-ben-affleck-interpositive-reed-hastings,"Netflix Q1 2026 | TikTok Feed, Ben Affleck AI Deal, Reed Hastings Exit",1,5,4,Other,"/entertainment/marvel/avengers-doomsday-trailer-cinemacon-2026-robert-downey-jr"
jack_articles,JackArticle,shopify-news-shopify-tinker-app-100-ai-creative-tools-2026,/shopify/news/shopify-tinker-app-100-ai-creative-tools-2026,"Shopify Launches Tinker | Free App With 100+ AI Creative Tools",1,5,4,Tech / AI,"/saas/news/shopify-agentic-storefronts-chatgpt-default-march-2026"
jack_articles,JackArticle,technology-grok-xai-pentagon-classified-approval-federal-safety-warnings-2026,/technology/grok-xai-pentagon-classified-approval-federal-safety-warnings-2026,"Federal Agencies Flagged Grok's Safety Risks. The Pentagon Approved It for Class",1,5,4,Tech / AI,"/tech/federal-agencies-grok-safety-concerns-pentagon-classified-approval-2026"
jack_articles,JackArticle,technology-sanders-aoc-ai-data-center-moratorium-act-march-2026,/technology/sanders-aoc-ai-data-center-moratorium-act-march-2026,"Sanders and AOC Unveil ""AI Data Center Moratorium Act"" to Pause Infrastructure B",1,5,4,Tech / AI,"/copyright/news/aoc-mlb-polymarket-gambling-warning"
jack_articles,JackArticle,trump-god-squad-gulf-drilling-esa-exemption,/trump/god-squad-gulf-drilling-esa-exemption,"God Squad Exempts Gulf Drilling | ESA Override 2026",1,5,4,Trump / Politics,"/trump/trump-totalenergies-928m-offshore-wind-exit"
jack_articles,JackArticle,video-games-Digital-Foundry,/video-games/Digital-Foundry,"Crimson Desert Delivers Native 4K at 60fps on Ultra Settings with Ray Tracing in",1,5,4,Video Games,"/video-games/epic"
jack_articles,JackArticle,video-games-gamestop-news-gamestop-ps3-xbox-360-wii-u-retro-consoles-march-2026,/video-games/gamestop/news/gamestop-ps3-xbox-360-wii-u-retro-consoles-march-2026,"GameStop Classifies PS3, Xbox 360, and Wii U as Retro Consoles — With One Presid",1,5,4,Video Games,"/video-games"
jack_articles,JackArticle,video-games-mha-ultra-rumble-season-16-cluster-bakugo,/video-games/mha/ultra-rumble/season-16/cluster-bakugo,"Cluster Bakugo Season 16 | My Hero Ultra Rumble Skill Set",1,5,4,Video Games,"/video-games/mha/ultra-rumble/season-16"
jack_articles,JackArticle,video-games-switch2-pokemon-pokopia,/video-games/switch2/pokemon-pokopia,"Pokémon Pokopia Achieves Highest Review Scores in Pokémon Franchise History on N",1,5,4,Nintendo Switch 2,"/video-games/nintendo"
articles,NewsArticle,amazon-news-amazon-1-hour-3-hour-delivery-us-launch-march-2026,/amazon/news/amazon-1-hour-3-hour-delivery-us-launch-march-2026,"Amazon Launches 1-Hour and 3-Hour Delivery Options Across US Cities",1,4,3,Tech / AI,"/amazon"
articles,NewsArticle,bio-hacking-news-rockefeller-crispr-stem-cell-living-drug-factory-hiv-malaria-influenza,/bio-hacking/news/rockefeller-crispr-stem-cell-living-drug-factory-hiv-malaria-influenza,"Rockefeller CRISPR Study Turns Stem Cells Into Living Drug Factories",1,4,3,Other,"/bio-hacking/news/oslo-patient-hiv-cure-ccr5-bone-marrow-transplant-2026"
articles,NewsArticle,crypto-usdc-news-circle-usdc-drift-hack-285m-2026,/crypto/usdc/news/circle-usdc-drift-hack-285m-2026,"Circle Slammed for Not Freezing USDC in $285M Drift Hack",1,4,3,Finance,"/crypto/usdc"
articles,NewsArticle,entertainment-hbo-max-harry-potter-series-unprecedented-financial-commitment-hbo,/entertainment/hbo-max/harry-potter-series-unprecedented-financial-commitment-hbo,"HBO Calls Harry Potter Series an Unprecedented Financial Commitment",1,4,3,Entertainment,"/netflix/news/netflix-q1-2026-earnings-tiktok-feed-ben-affleck-interpositive-reed-hastings"
articles,NewsArticle,entertainment-hulu,/entertainment/hulu,"Hulu Releases Red Band Trailer for Mike & Nick & Nick & Alice | Vince Vaughn and",1,4,3,Entertainment,"/entertainment"
articles,NewsArticle,entertainment-news-paramount-skydance-acquires-warner-bros-discovery-110-billion,/entertainment/news/paramount-skydance-acquires-warner-bros-discovery-110-billion,"Paramount Skydance Agrees to Acquire Warner Bros. Discovery in $110 Billion Ente",1,4,3,Entertainment,"/entertainment/hbomax"
articles,NewsArticle,entertainment-news-super-mario-galaxy-movie-kyoto-premiere-2026,/entertainment/news/super-mario-galaxy-movie-kyoto-premiere-2026,"Super Mario Galaxy Movie Opens in US on Wednesday",1,4,3,Entertainment,"/video-games/nintendo/donkey-kong-bananza"
articles,NewsArticle,finance-news-jefferies-upgrades-twilio-buy-voice-ai-growth,/finance/news/jefferies-upgrades-twilio-buy-voice-ai-growth,"Jefferies Upgrades Twilio to Buy, Betting on Voice AI Growth",1,4,3,Finance,"/finance"
articles,NewsArticle,meta-layoffs,/meta/layoffs,"Meta Bay Area Layoffs 2026 | Nearly 200 Jobs Cut in Burlingame, Sunnyvale",1,4,3,Tech / AI,"/meta"
articles,NewsArticle,meta-news-meta-ai-app-number-5-app-store-muse-spark-launch,/meta/news/meta-ai-app-number-5-app-store-muse-spark-launch,"Meta AI App Surges to No. 5 on App Store After Muse Spark Launch",1,4,3,Tech / AI,"/meta/news/instagram-plus-subscription-test-philippines-japan-mexico-2026"
articles,NewsArticle,meta-news-meta-broadcom-mtia-chip-partnership-2029-hock-tan,/meta/news/meta-broadcom-mtia-chip-partnership-2029-hock-tan,"Meta and Broadcom Extend Custom AI Chip Partnership to 2029 | $2.3B Paid, 2nm MT",1,4,3,Tech / AI,"/nvidia/news/tsmc-asml-record-earnings-q1-2026-ai-chip-demand"
articles,NewsArticle,nasa-news-first-close-pair-supermassive-black-holes-markarian-501,/nasa/news/first-close-pair-supermassive-black-holes-markarian-501,"First Close Pair of Supermassive Black Holes Detected Nearing Merger",1,4,3,Other,"/nasa"
articles,NewsArticle,politics-news-virginia-redistricting-judge-voids-referendum-2026,/politics/news/virginia-redistricting-judge-voids-referendum-2026,"Virginia Redistricting | Judge Voids Referendum One Day After Voters Approve New",1,4,3,Trump / Politics,"/politics"
articles,NewsArticle,technology-news-intel-amd-cpu-prices-surge-15-percent-shortage-2026,/technology/news/intel-amd-cpu-prices-surge-15-percent-shortage-2026,"Intel and AMD CPU Prices Surge Up to 15% as Shortages Hit PC and Server Manufact",1,4,3,Tech / AI,"/trump/news/trump-silicon-valley-dream-team-ai-advisory-council-pcast-march-2026"
articles,NewsArticle,technology-stablecoins,/technology/stablecoins,"Druckenmiller Says Stablecoins Will Be the Backbone of Global Payments | Armstro",1,4,3,Tech / AI,"/tech"
articles,NewsArticle,video-games-ark-raiders-flash-point-update,/video-games/ark-raiders/flash-point-update,"Arc Raiders Flashpoint Update Launches Tuesday with New Enemies and Map Conditio",1,4,3,Video Games,"/video-games/ark-raiders"
articles,NewsArticle,video-games-pokemon-news-gamestop-pokemon-power-packs-digital-cards-2026,/video-games/pokemon/news/gamestop-pokemon-power-packs-digital-cards-2026,"GameStop Pokemon Power Packs | The Digital Card System That Is Genius, Shady, an",1,4,3,Video Games,"/video-games"
articles,NewsArticle,video-games-valve-corporation-cs2-animation-overhaul-not-cs3-april-2026,/video-games/valve-corporation/cs2-animation-overhaul-not-cs3-april-2026,"Valve Ships Major CS2 Animation Overhaul | Not CS3",1,4,3,Video Games,"/video-games/valve-corporation"
articles,NewsArticle,world-cup-news-fifa-world-cup-2026-final-halftime-show-chris-martin,/world-cup/news/fifa-world-cup-2026-final-halftime-show-chris-martin,"FIFA World Cup 2026 Final Halftime Show | Chris Martin, Global Citizen Confirmed",1,4,3,World Cup,"/world-cup/news/world-cup-2026-us-transit-prices-fans-outraged"
articles,NewsArticle,youtube-mat-armstrong-attempting-to-start-my-wrecked-ferrari-296,/youtube/mat-armstrong/attempting-to-start-my-wrecked-ferrari-296,"ATTEMPTING TO START MY WRECKED FERRARI 296",1,4,3,YouTube / Sidemen,"/youtube/mat-armstrong"
jack_articles,JackArticle,airlines-jetblue-jetblue-surveillance-pricing-lawsuit-personal-data-2026,/airlines/jetblue/jetblue-surveillance-pricing-lawsuit-personal-data-2026,"JetBlue Surveillance Pricing Lawsuit | Personal Data Used to Set Fares 2026",2,5,3,Other,"/finance"
jack_articles,JackArticle,amazon-news-andy-jassy-ai-will-reduce-headcount-many-roles-cnbc-february-2026,/amazon/news/andy-jassy-ai-will-reduce-headcount-many-roles-cnbc-february-2026,"Amazon CEO Andy Jassy States AI Will Reduce Headcount in Many Long-Standing Role",2,5,3,Tech / AI,"/amazon | /tech"
jack_articles,JackArticle,apple-news-apple-march-2026-products-macbook-iphone-17e-ipad-air-m5,/apple/news/apple-march-2026-products-macbook-iphone-17e-ipad-air-m5,"Apple Set to Announce at Least Five New Products in Early March 2026 Via Multi-D",2,5,3,Apple,"/apple | /tech"
jack_articles,JackArticle,bio-hacking-life-biosciences-fda-clearance-er-100-epigenetic-reprogramming-optic-neuropathy-2026,/bio-hacking/life-biosciences-fda-clearance-er-100-epigenetic-reprogramming-optic-neuropathy-2026,"Life Biosciences Receives FDA Clearance for First Human Trial of Partial Epigene",2,5,3,Other,"/bio-hacking | /bio-hacking/eledon-pharmaceuticals-eldn-cd40l-tegoprubart-transplant-2026"
jack_articles,JackArticle,claude-news-anthropic-claude-design-conversational-visual-canvas-canva-partnership,/claude/news/anthropic-claude-design-conversational-visual-canvas-canva-partnership,"Claude Design | Anthropic Launches Conversational Visual Canvas",2,5,3,Tech / AI,"/claude/news/datatalks-course-wiped-by-claudecode | /claude/news/software-stocks-crater-anthropic-mythos-gatekeep"
jack_articles,JackArticle,crypto-news-fed-cbdc-halted-stablecoins-digital-dollar-2026,/crypto/news/fed-cbdc-halted-stablecoins-digital-dollar-2026,"Fed Confirms CBDC Work Halted | Backs Stablecoins as Digital Dollar Framework",2,5,3,Finance,"/technology/stablecoins-mastercard-bvnk-acquisition-1-8-billion-march-2026 | /crypto/news/florida-hb175-stablecoin-law-payment-regulation"
jack_articles,JackArticle,define-malware-axios-npm-hijacked-rat-malware,/define/malware/axios-npm-hijacked-rat-malware,"Axios npm Hijacked | RAT Malware in 83M Download Library",2,5,3,Other,"/define/malware/deepload-ai-obfuscation-clickfix-2026 | /tech"
jack_articles,JackArticle,define-prediction-market-binance-launches-prediction-market,/define/prediction-market/binance-launches-prediction-market,"Binance Predict.fun | Yield-Bearing Prediction Markets",2,5,3,Other,"/crypto | /define/prediction-market"
jack_articles,JackArticle,events-ceraweek-2026,/events/ceraweek-2026,"CERAWeek 2026 | Clean Energy Startups Pivot to AI Despite Trump Headwinds",2,5,3,Other,"/events/gtc-2026-closing-day-3-intel-microsoft-agentic-march-18-2026 | /trump/trump-totalenergies-928m-offshore-wind-exit"
jack_articles,JackArticle,finance-articles-NVIDIA-q4-ending-Feb-25,/finance/articles/NVIDIA-q4-ending-Feb-25,"NVIDIA Reports Record $68.1 Billion Revenue in Fiscal Q4 2026",2,5,3,Finance,"/nvidia"
jack_articles,JackArticle,finance-private-credit-redemption-crisis-blackstone-blackrock-blue-owl-2026,/finance/private-credit-redemption-crisis-blackstone-blackrock-blue-owl-2026,"Over $4.6B in Investor Capital Trapped in Private Credit Funds",2,5,3,Finance,"/news/news-blue-owl-halts-fund-redemptions | /tech/tech-anthropic-private-equity-10-billion-blackstone-joint-venture-2026"
jack_articles,JackArticle,microsoft-news-microsoft-chevron-7b-texas-power-plant,/microsoft/news/microsoft-chevron-7b-texas-power-plant,"Microsoft in Talks with Chevron on $7B Texas Power Plant",2,5,3,Tech / AI,"/microsoft | /nvidia"
jack_articles,JackArticle,news-china-bars-manus-cofounders-meta-acquisition-review-2026,/news/china-bars-manus-cofounders-meta-acquisition-review-2026,"China Bars Manus Co-Founders From Leaving Country Amid Meta Deal Review",2,5,3,Other,"/trump/news/trump-silicon-valley-dream-team-ai-advisory-council-pcast-march-2026 | /social/meta/news/meta-targeted-layoffs-reality-labs-social-teams-march-2026"
jack_articles,JackArticle,nvidia-nvidia-groq-lpu-inference-platform-gtc-2026-20-billion-licensing-deal,/nvidia/nvidia-groq-lpu-inference-platform-gtc-2026-20-billion-licensing-deal,"Nvidia Plans Groq-Integrated Inference Processor Unveil at GTC 2026 Following $2",2,5,3,Nvidia,"/nvidia | /tech"
jack_articles,JackArticle,tech-federal-agencies-grok-safety-concerns-pentagon-classified-approval-2026,/tech/federal-agencies-grok-safety-concerns-pentagon-classified-approval-2026,"Federal Agencies Raised Concerns About Grok Safety and Reliability Before Pentag",2,5,3,Tech / AI,"/open-ai | /tech"
jack_articles,JackArticle,video-games-arknights-endfield,/video-games/arknights-endfield,"Arknights: Endfield Launches January 22, 2026 on PC, Mobile, and PS5 as Open-Wor",2,5,3,Video Games,"/video-games"
article_pages,ArticlePage,artists-yeat-adl-26,/artists/yeat/adl-26,"Yeat ADL Album | Cinematic Shift, Elton John, Kid Cudi",0,3,3,Influencer,""
article_pages,ArticlePage,blackrock,/blackrock,"BlackRock, Inc.",0,3,3,Other,""
article_pages,ArticlePage,cars-porsche,/cars/porsche,"Porsche | Company Profile, Models, History, 2026",0,3,3,Other,""
article_pages,ArticlePage,cloudflare,/cloudflare,"Cloudflare, Inc.",0,3,3,Tech / AI,""
article_pages,ArticlePage,crypto-news-bip-361-quantum-bitcoin-legacy-sunset,/crypto/news/bip-361-quantum-bitcoin-legacy-sunset,"BIP-361 Quantum Bitcoin | Legacy Signature Sunset Explained",0,3,3,Finance,""
article_pages,ArticlePage,finance-cross-river-bank-baas-visa-usdc,/finance/cross-river-bank-baas-visa-usdc,"Cross River Bank | BaaS Infrastructure, Visa USDC Settlement Partner",0,3,3,Finance,""
article_pages,ArticlePage,influencer-daddywellness,/influencer/daddywellness,"Richie Lovelace (Daddy Wellness)",0,3,3,Influencer,""
article_pages,ArticlePage,tech-alphafold-protein-complex-structures-database-2026,/tech/alphafold-protein-complex-structures-database-2026,"AlphaFold Database Adds Protein Complex Structures for the First Time",0,3,3,Tech / AI,""
article_pages,ArticlePage,technology-alibaba-wukong-ai-agent-enterprise-platform-march-2026,/technology/alibaba/wukong-ai-agent-enterprise-platform-march-2026,"Alibaba Launches Wukong AI Agent Platform for Enterprises",0,3,3,Tech / AI,""
article_pages,ArticlePage,trump-WLFI-stablecoin,/trump/WLFI-stablecoin,"Binance Launches 135M Token Airdrop for USD1 Holders",0,3,3,Trump / Politics,""
article_pages,ArticlePage,video-games-anime-neverness-to-everness,/video-games/anime/neverness-to-everness,"Neverness to Everness | 30M Pre-Registrations, April 29 Launch",0,3,3,Video Games,""
article_pages,ArticlePage,video-games-dispatch-adhoc-studio,/video-games/dispatch-adhoc-studio,"Dispatch Xbox Release | AdHoc Studio Superhero Comedy Coming Summer 2026",0,3,3,Video Games,""
article_pages,ArticlePage,video-games-gta-6,/video-games/gta-6,"Grand Theft Auto VI",0,3,3,GTA 6,""
article_pages,ArticlePage,video-games-nintendo-donkey-kong-bananza,/video-games/nintendo/donkey-kong-bananza,"Donkey Kong Bananza",0,3,3,Video Games,""
article_pages,ArticlePage,video-games-star-wars-star-wars-zero-company,/video-games/star-wars/star-wars-zero-company,"Star Wars Zero Company | Bit Reactor and Respawn Reveal Clone Wars Tactical RPG",0,3,3,Video Games,""
article_pages,ArticlePage,video-games-toxic-comando,/video-games/toxic-comando,"John Carpenter's Toxic Commando",0,3,3,Video Games,""
creator_articles,CreatorArticle,artists/don-toliver,/artists/don-toliver,"Don Toliver",0,3,3,Influencer,""
creator_articles,CreatorArticle,artists/drake,/artists/drake,"Drake",0,3,3,Influencer,""
creator_articles,CreatorArticle,artists/yeat,/artists/yeat,"Yeat",0,3,3,Influencer,""
creator_articles,CreatorArticle,influencer-ari-kytsya,/influencer/ari-kytsya,"Ari Kytsya",0,3,3,Influencer,""
creator_articles,CreatorArticle,influencer-diamond-gym,/influencer/diamond-gym,"Diamond Gym",0,3,3,Influencer,""
creator_articles,CreatorArticle,influencer-tren-twins,/influencer/tren-twins,"Tren Twins",0,3,3,Influencer,""
creator_articles,CreatorArticle,influencer/eden-gross,/influencer/eden-gross,"Eden Gross",0,3,3,Influencer,""
creator_articles,CreatorArticle,influencer/faithordway,/influencer/faithordway,"Faith Ordway",0,3,3,Influencer,""
creator_articles,CreatorArticle,influencer/kirstentoosweet,/influencer/kirstentoosweet,"Kirsten Toosweet",0,3,3,Influencer,""
creator_articles,CreatorArticle,influencer/mika-lafuente,/influencer/mika-lafuente,"Mika Lafuente",0,3,3,Influencer,""
creator_articles,CreatorArticle,influencer/queenkalin,/influencer/queenkalin,"queenkalin",0,3,3,Influencer,""
creator_articles,CreatorArticle,influencer/yellz0,/influencer/yellz0,"Yellz0",0,3,3,Influencer,""
creator_articles,CreatorArticle,redbull-basement-usa-2026,/redbull/basement-usa-2026,"Red Bull Basement USA",0,3,3,Influencer,""
creator_articles,CreatorArticle,redbull-bc-one-cypher-denver-2026,/redbull/bc-one-cypher-denver-2026,"Red Bull BC One Cypher Denver",0,3,3,Influencer,""
creator_articles,CreatorArticle,redbull-chariot-race-missouri-2026,/redbull/chariot-race-missouri-2026,"Red Bull Chariot Race",0,3,3,Influencer,""
creator_articles,CreatorArticle,redbull-dance-your-style-nyc-2026,/redbull/dance-your-style-nyc-2026,"Red Bull Dance Your Style NYC",0,3,3,Influencer,""
creator_articles,CreatorArticle,redbull-dance-your-style-usa-qualifiers-2026,/redbull/dance-your-style-usa-qualifiers-2026,"Red Bull Dance Your Style USA Qualifiers",0,3,3,Influencer,""
creator_articles,CreatorArticle,redbull-natural-selection-ski-2026,/redbull/natural-selection-ski-2026,"Natural Selection Ski",0,3,3,Influencer,""
creator_articles,CreatorArticle,redbull-run-the-racks-okc-2026,/redbull/run-the-racks-okc-2026,"Red Bull Run the Racks OKC",0,3,3,Influencer,""
creator_articles,CreatorArticle,redbull-showrun-san-francisco-2026,/redbull/showrun-san-francisco-2026,"Red Bull Showrun San Francisco",0,3,3,Influencer,""
creator_articles,CreatorArticle,redbull-target-jumping-2026,/redbull/target-jumping-2026,"Red Bull Target Jumping",0,3,3,Influencer,""
creator_articles,CreatorArticle,redbull-wings-for-life-world-run-2026,/redbull/wings-for-life-world-run-2026,"Wings for Life World Run",0,3,3,Influencer,""
articles,NewsArticle,artists-don-toliver-octane-review-features,/artists/don-toliver/octane-review-features,"OCTANE Album Review | Don Toliver ft. Ye, Travis Scott, Young Thug",2,4,2,Influencer,"/artists/don-toliver"
articles,NewsArticle,blackrock-news-blackrock-600m-bitcoin-cold-storage-ibit-etf-settlement,/blackrock/news/blackrock-600m-bitcoin-cold-storage-ibit-etf-settlement,"BlackRock Moves $600M in Bitcoin to Cold Storage as IBIT Holds 784,000 BTC",2,4,2,Other,"/blackrock/blackrock-fidelity-bought-400m-bitcoin-golds-worst-weekly-drop | /claude/news/software-stocks-crater-anthropic-mythos-gatekeep"
articles,NewsArticle,claude-news-anthropic-mythos-uk-banks-access-pip-white,/claude/news/anthropic-mythos-uk-banks-access-pip-white,"Anthropic Mythos UK Banks | Access Coming Next Week, Pip White Confirms",2,4,2,Tech / AI,"/claude/news/anthropic-mythos-uk-banks-expansion | /claude/news/ecb-anthropic-claude-mythos-systemic-risk-inquiry"
articles,NewsArticle,copyright-news-detroit-first-city-oppose-prediction-markets-coinbase-lawsuit-2026,/copyright/news/detroit-first-city-oppose-prediction-markets-coinbase-lawsuit-2026,"Detroit Becomes First U.S. City to Oppose Prediction Markets in Court",2,4,2,Other,"/copyright/news/aoc-mlb-polymarket-gambling-warning | /crypto/white-house-block-and-find-out-coinbase-clarity-act-2026"
articles,NewsArticle,copyright-news-kalshi-suspends-candidates-betting-own-races-2026,/copyright/news/kalshi-suspends-candidates-betting-own-races-2026,"Kalshi Suspends 3 Candidates | Political Insider Trading in 2026 Midterms",2,4,2,Other,"/finance/news/charles-schwab-prediction-markets-rick-wurster-2026 | /finance"
articles,NewsArticle,crypto-news-bitcoin-whale-20m-binance-large-holder-selloffs,/crypto/news/bitcoin-whale-20m-binance-large-holder-selloffs,"Bitcoin Whale Moves $20M to Binance Amid Wave of Large-Holder Selloffs",2,4,2,Finance,"/crypto | /crypto/news/kucoin-cftc-settlement-us-bar-peken-global"
articles,NewsArticle,finance-news-buffett-dimon-warn-private-credit-risks-threaten-banks,/finance/news/buffett-dimon-warn-private-credit-risks-threaten-banks,"Buffett, Dimon Warn Private Credit Risks Threaten Banks",2,4,2,Finance,"/finance/private-credit-redemption-crisis-blackstone-blackrock-blue-owl-2026 | /finance"
articles,NewsArticle,fortnite-epic-games-vbucks-shrinkflation-chapter-7-season-2-2026,/fortnite/epic-games-vbucks-shrinkflation-chapter-7-season-2-2026,"Epic Games Implements Fortnite ",2,4,2,Other,"/fortnite | /rocket-league"
articles,NewsArticle,microsoft-news-eledon-pharmaceuticals-cd40l-pathway-therapies,/microsoft/news/eledon-pharmaceuticals-cd40l-pathway-therapies,"Eledon Pharmaceuticals Overview: Clinical-Stage Biotech Focused on CD40L Pathway",2,4,2,Tech / AI,"/research | /bio-hacking"
articles,NewsArticle,microsoft-news-how-to-accept-usdc-service-business-texas,/microsoft/news/how-to-accept-usdc-service-business-texas,"How to Accept USDC for Your Service Business in Texas (and Report It Properly)",2,4,2,Tech / AI,"/microsoft | /finance"
articles,NewsArticle,microsoft-news-nadella-copilot-code-red-ai-gap-e7-suite,/microsoft/news/nadella-copilot-code-red-ai-gap-e7-suite,"Nadella Declares Copilot Code Red to Close AI Gap",2,4,2,Tech / AI,"/claude/news/software-stocks-crater-anthropic-mythos-gatekeep | /microsoft/news/microsoft-chevron-7b-texas-power-plant"
articles,NewsArticle,news-alibaba-qwen-3-6-model-preview-responses-api-typescript-sdk-2026,/news/alibaba-qwen-3-6-model-preview-responses-api-typescript-sdk-2026,"Alibaba Previews Qwen 3.6 | Responses API, TypeScript SDK, and Qwen Code Updates",2,4,2,Other,"/news/alibaba-ai-agent-mined-crypto-during-training | /technology/alibaba"
articles,NewsArticle,news-artemis-ii-launch-lunar-journey-april-2026,/news/artemis-ii-launch-lunar-journey-april-2026,"Artemis II Blasts Off on Historic 10-Day Lunar Journey",2,4,2,Other,"/nasa | /nasa/europa"
articles,NewsArticle,news-blue-owl-halts-fund-redemptions,/news/blue-owl-halts-fund-redemptions,"Blue Owl Halts Fund Redemptions, Sparking Private Credit Selloff",2,4,2,Other,"/finance | /news"
articles,NewsArticle,news-ucla-methylscan-blood-test-multi-cancer-detection,/news/ucla-methylscan-blood-test-multi-cancer-detection,"UCLA Develops Low-Cost Blood Test to Detect Multiple Cancers",2,4,2,Other,"/bio-hacking/life-biosciences-fda-clearance-er-100-epigenetic-reprogramming-optic-neuropathy-2026 | /news/ubc-crispr-topical-gene-therapy-skin"
articles,NewsArticle,nvidia-news-blackwell-b300-vs-amd-mi300x-vs-google-tpu-v6-2026-benchmark,/nvidia/news/blackwell-b300-vs-amd-mi300x-vs-google-tpu-v6-2026-benchmark,"Nvidia B300 vs AMD MI300X vs Google TPU v6 | 2026 AI Chip Specs, Workloads, Cost",2,4,2,Nvidia,"/nvidia | /google/news/turboquant-llm-kv-cache-compression"
articles,NewsArticle,nvidia-news-indie-devs-dlss5-boycott-new-blood-interactive,/nvidia/news/indie-devs-dlss5-boycott-new-blood-interactive,"Indie Devs Call for Nvidia Boycott Over DLSS 5",2,4,2,Nvidia,"/video-games | /video-games/star-wars/star-wars-zero-company"
articles,NewsArticle,nvidia-news-qualcomm-nvidia-6g-coalitions-mwc-2026,/nvidia/news/qualcomm-nvidia-6g-coalitions-mwc-2026,"Qualcomm and Nvidia Launch Competing 6G Coalitions at MWC 2026 in Barcelona",2,4,2,Nvidia,"/nvidia"
articles,NewsArticle,politics-news-splc-indicted-doj-wire-fraud-extremist-funding-2026,/politics/news/splc-indicted-doj-wire-fraud-extremist-funding-2026,"SPLC Indicted | DOJ Charges Wire Fraud, Extremist Funding",2,4,2,Trump / Politics,"/politics"
articles,NewsArticle,tech-square-bitcoin-payments-4-million-merchants-2026,/tech/square/bitcoin-payments-4-million-merchants-2026,"Square Auto-Enables Bitcoin Payments for 4 Million US Merchants",2,4,2,Tech / AI,"/crypto | /tech"
articles,NewsArticle,technology-terrapower-natrium-kemmerer-groundbreaking-wyoming-2026,/technology/terrapower/natrium-kemmerer-groundbreaking-wyoming-2026,"TerraPower Breaks Ground | America's First Advanced Nuclear Reactor Era Begins i",2,4,2,Tech / AI,"/technology/terrapower"
articles,NewsArticle,trump-musk-pay-tsa-workers-shutdown,/trump/musk-pay-tsa-workers-shutdown,"Trump Backs Musk",2,4,2,Trump / Politics,"/social | /trump"
articles,NewsArticle,trump-white-house-app-launch-direct-updates-2026,/trump/white-house-app-launch-direct-updates-2026,"White House Debuts Official App for Updates Straight from the Source",2,4,2,Trump / Politics,"/trump/trump-trump-ice-agents-drop-masks-airports | /trump/trump-news-trump-administration-10-billion-fee-tiktok-deal"
articles,NewsArticle,video-games-epic-fortnite-phineas-ferb-skins-april-2026,/video-games/epic/fortnite/phineas-ferb-skins-april-2026,"Fortnite Phineas and Ferb Cup | How to Win Buff Perry, Doofenshmirtz Free",2,4,2,Video Games,"/entertainment/news/fortnite-moves-into-movies | /video-games/epic/epic-games-vbucks-shrinkflation-chapter-7-season-2-2026"
articles,NewsArticle,video-games-forza-horizon-6-news-forza-horizon-6-500k-steam-presales-better-launch-fh5-alinea-2026,/video-games/forza-horizon-6/news/forza-horizon-6-500k-steam-presales-better-launch-fh5-alinea-2026,"Forza Horizon 6 Pre-Sells 500K on Steam | Alinea Analyst Projects Better Launch ",2,4,2,Video Games,"/video-games/forza-horizon-6/news/pre-launch-511k-steam-presales-alinea-analytics-2026 | /video-games/forza-horizon-6"
articles,NewsArticle,video-games-gta-6-news-take-two-ai-team-shake-up-2026,/video-games/gta-6/news/take-two-ai-team-shake-up-2026,"GTA 6 | Take-Two Shakes Up AI Team Despite CEO's Hundreds of Pilots Pledge",2,4,2,GTA 6,"/video-games/gta-6"
articles,NewsArticle,video-games-mario-kart-version-1-6-0-bob-omb-blast,/video-games/mario-kart/version-1-6-0-bob-omb-blast,"Mario Kart World Version 1.6.0 | Bob-omb Blast Returns on Nintendo Switch 2",2,4,2,Video Games,"/video-games/switch2 | /video-games"
articles,NewsArticle,world-cup-news-fifa-world-cup-2026-tree-planting-arbor-day-earth-day,/world-cup/news/fifa-world-cup-2026-tree-planting-arbor-day-earth-day,"FIFA World Cup 2026 | Tree Planting Across All 16 Host Cities on Earth Day",2,4,2,World Cup,"/world-cup/news/fifa-world-cup-2026-five-major-issues-50-days | /world-cup"
jack_articles,JackArticle,amazon-news-amazon-one-medical-glp1-hims-hers-price-war-2026,/amazon/news/amazon-one-medical-glp1-hims-hers-price-war-2026,"Amazon One Medical GLP-1 Plan | Hims & Hers Price War 2026",3,5,2,Tech / AI,"/amazon | /amazon/news/amazon-1-hour-3-hour-delivery-us-launch-march-2026 | /bio-hacking/penn-study-unreported-glp-1-side-effects-reddit"
jack_articles,JackArticle,claude-news-federal-agencies-replace-claude-gpt-41-trump-executive-directive,/claude/news/federal-agencies-replace-claude-gpt-41-trump-executive-directive,"Federal Agencies Evict Claude, Replace It With GPT-4.1 After Trump Executive Dir",3,5,2,Tech / AI,"/claude | /open-ai"
jack_articles,JackArticle,copyright-meta-news-new-mexico-jury-meta-375m-consumer-protection-verdict-2026,/copyright/meta/news/new-mexico-jury-meta-375m-consumer-protection-verdict-2026,"New Mexico Jury Orders Meta to Pay $375M for Deceiving Teens",3,5,2,Other,"/social/meta"
jack_articles,JackArticle,copyright-news-ex-human-files-lawsuit-against-apple,/copyright/news/ex-human-files-lawsuit-against-apple,"Ex-Human Sues Apple | $500K Withheld, Vibe Coding Crackdown Escalates",3,5,2,Other,"/apple/news/apple-removes-anything-vibe-coding-app-store-2026 | /apple/copyright/ninth-circuit-denies-apple-rehearing-epic-games-2026 | /apple"
jack_articles,JackArticle,entertainment-news-super-mario-galaxy-movie-371m-global-box-office-opening,/entertainment/news/super-mario-galaxy-movie-371m-global-box-office-opening,"Super Mario Galaxy Movie | $371M Global Box Office Opening",3,5,2,Entertainment,"/video-games/nintendo | /video-games/nintendo/mar10-day-2026-40th-anniversary-super-mario | /video-games/nintendo/pokemon-pokopia-2-million-copies-4-days-switch-2"
jack_articles,JackArticle,entertainment-news-wbd-paramount-shareholder-vote-cnn-cbs-merger-2026,/entertainment/news/wbd-paramount-shareholder-vote-cnn-cbs-merger-2026,"WBD Paramount Shareholder Vote | CNN, CBS, $110B Merger Analysis",3,5,2,Entertainment,"/entertainment/news/paramount-skydance-acquires-warner-bros-discovery-110-billion | /entertainment | /finance"
jack_articles,JackArticle,github-news-gitlab-duo-agent-platform-aws-bedrock-multi-cloud-2026,/github/news/gitlab-duo-agent-platform-aws-bedrock-multi-cloud-2026,"GitLab Duo Agent Platform | AWS Bedrock Multi-Cloud 2026",3,5,2,Other,"/amazon/news/andy-jassy-ai-will-reduce-headcount-many-roles-cnbc-february-2026 | /google/news/google-deepmind-claude-code-steve-yegge-demis-hassabis-2026 | /meta/news/meta-poaches-thinking-machines-lab-founders-mira-murati-2026"
jack_articles,JackArticle,meta-news-meta-poaches-thinking-machines-lab-founders-mira-murati-2026,/meta/news/meta-poaches-thinking-machines-lab-founders-mira-murati-2026,"Meta Poaches 7 Thinking Machines Founders | Mira Murati 2026",3,5,2,Tech / AI,"/meta | /meta/news/meta-ai-app-number-5-app-store-muse-spark-launch | /meta/news/meta-broadcom-mtia-chip-partnership-2029-hock-tan"
jack_articles,JackArticle,technology-news-kimi-k2-moonshot-ai-open-weights-gpt-5-benchmark-2026,/technology/news/kimi-k2-moonshot-ai-open-weights-gpt-5-benchmark-2026,"Kimi K2.6 | Moonshot AI Open-Weights Model Beats GPT-5.4",3,5,2,Tech / AI,"/github/news/gitlab-duo-agent-platform-aws-bedrock-multi-cloud-2026 | /tech/news/white-collar-jobs-decline-31-consecutive-months-2026 | /claude/news/anthropic-claude-pro-plan-claude-code-access-2026"
jack_articles,JackArticle,trump-news-trump-silicon-valley-dream-team-ai-advisory-council-pcast-march-2026,/trump/news/trump-silicon-valley-dream-team-ai-advisory-council-pcast-march-2026,"Trump Appoints Silicon Valley ""Dream Team"" to AI Advisory Council",3,5,2,Trump / Politics,"/technology/sanders-aoc-ai-data-center-moratorium-act-march-2026 | /social/meta/news/meta-targeted-layoffs-reality-labs-social-teams-march-2026"
article_pages,ArticlePage,finance-news-lead-bank-visa-usdc-solana-crypto-settlement,/finance/news/lead-bank-visa-usdc-solana-crypto-settlement,"Lead Bank | Visa USDC Solana Settlement Partner Profile",1,3,2,Finance,"/crypto/news/visa-usdc-solana-settlement-lead-bank-cross-river"
article_pages,ArticlePage,influencer-mrbeast,/influencer/mrbeast,"MrBeast | Jimmy Donaldson, YouTube, Age, Bio 2026",1,3,2,Influencer,"/influencer/mrbeast-launches-beast-games-season-2-casting"
article_pages,ArticlePage,tech-tsmc-semiconductor-foundry-profile,/tech/tsmc-semiconductor-foundry-profile,"TSMC | Semiconductor Foundry Profile, 3nm Leadership, AI Chip Demand",1,3,2,Tech / AI,"/tech/news/tsmc-asml-record-earnings-q1-2026-ai-chip-demand"
article_pages,ArticlePage,technology-terrapower,/technology/terrapower,"TerraPower | Bill Gates Nuclear Company, Natrium Reactor 2026",1,3,2,Tech / AI,"/technology/terrapower/natrium-kemmerer-groundbreaking-wyoming-2026"
article_pages,ArticlePage,video-games-capcom,/video-games/capcom,"Capcom | Golden Era, RE Engine, 2026 Profile",1,3,2,Video Games,"/video-games/resident-evil-requiem/steam-launch-record-267k-concurrent-players"
article_pages,ArticlePage,video-games-ubisoft,/video-games/ubisoft,"Ubisoft | Company Profile, Creative Houses, 2026 Reset",1,3,2,Video Games,"/video-games/gta-6"
creator_articles,CreatorArticle,artists/central-cee,/artists/central-cee,"Central Cee",1,3,2,Influencer,"/entertainment"
creator_articles,CreatorArticle,equipment-dji,/equipment/dji,"DJI Ronin 4D",1,3,2,Other,"/equipment/hasselblad"
creator_articles,CreatorArticle,equipment/hasselblad,/equipment/hasselblad,"Hasselblad 907X + CFV 100C",1,3,2,Other,"/equipment/dji"
creator_articles,CreatorArticle,winter-olympics/usa/alysa-liu,/winter-olympics/usa/alysa-liu,"Alysa Liu",1,3,2,Winter Olympics,"/winter-olympics"
articles,NewsArticle,apple-news-apple-50th-anniversary-apple-park-grand-finale-2026,/apple/news/apple-50th-anniversary-apple-park-grand-finale-2026,"Apple Turns 50 | Grand Finale at Apple Park Caps a Week of Global Celebrations",3,4,1,Apple,"/apple/core-ai-framework-replaces-core-ml-wwdc-2026-bloomberg | /apple | /apple/news/apple-march-2026-products-macbook-iphone-17e-ipad-air-m5"
articles,NewsArticle,apple-news-apple-removes-anything-vibe-coding-app-store-2026,/apple/news/apple-removes-anything-vibe-coding-app-store-2026,"Apple Removes Vibe Coding App Anything from the App Store",3,4,1,Apple,"/apple/news/apple-march-2026-products-macbook-iphone-17e-ipad-air-m5 | /apple | /apple/core-ai-framework-replaces-core-ml-wwdc-2026-bloomberg"
articles,NewsArticle,bio-hacking-bianca-dias-bbl-death-brazil-insurance-shift,/bio-hacking/bianca-dias-bbl-death-brazil-insurance-shift,"Bianca Dias and the BBL Crisis: How ",3,4,1,Other,"/bio-hacking | /news"
articles,NewsArticle,claude-news-ecb-anthropic-claude-mythos-systemic-risk-inquiry,/claude/news/ecb-anthropic-claude-mythos-systemic-risk-inquiry,"ECB Mythos Inquiry | European Central Bank Probes Anthropic Claude Systemic Risk",3,4,1,Tech / AI,"/claude/news/anthropic-mythos-uk-banks-expansion | /claude/news/imf-georgieva-anthropic-mythos-financial-stability-warning"
articles,NewsArticle,claude-news-white-house-omb-federal-agencies-anthropic-mythos-access,/claude/news/white-house-omb-federal-agencies-anthropic-mythos-access,"White House Clears Path for Federal Agencies to Use Anthropic Mythos AI",3,4,1,Tech / AI,"/claude/news/anthropic-mythos-uk-banks-access-pip-white | /claude/news/ecb-anthropic-claude-mythos-systemic-risk-inquiry | /claude/news/imf-georgieva-anthropic-mythos-financial-stability-warning"
articles,NewsArticle,copyright-news-ninth-circuit-pauses-app-store-ruling-apple-supreme-court,/copyright/news/ninth-circuit-pauses-app-store-ruling-apple-supreme-court,"Ninth Circuit Pauses App Store Ruling as Apple Heads to Supreme Court",3,4,1,Other,"/apple | /apple/copyright/ninth-circuit-denies-apple-rehearing-epic-games-2026 | /video-games/epic"
articles,NewsArticle,crypto-news-tether-qvac-sdk-on-device-ai-cloud-monopoly,/crypto/news/tether-qvac-sdk-on-device-ai-cloud-monopoly,"Tether Unveils QVAC SDK to Challenge AI Cloud Monopoly",3,4,1,Finance,"/claude/news/software-stocks-crater-anthropic-mythos-gatekeep | /crypto/news/fed-cbdc-halted-stablecoins-digital-dollar-2026 | /crypto/news/florida-hb175-stablecoin-law-payment-regulation"
articles,NewsArticle,crypto-usdc-circle-unfreeze-wallets-zachxbt-2026,/crypto/usdc/circle-unfreeze-wallets-zachxbt-2026,"Circle Unfreeze 5 of 16 USDC Wallets After ZachXBT Backlash",3,4,1,Finance,"/crypto/coinbase/clarity-act-stablecoin-yield-ban | /crypto/bernstein-circle-coinbase-stablecoin-kings-ai-era | /crypto/usdc"
articles,NewsArticle,crypto-white-house-block-and-find-out-coinbase-clarity-act-2026,/crypto/white-house-block-and-find-out-coinbase-clarity-act-2026,"White House Issues Block and Find Out Warning to Coinbase | CLARITY Act 2026",3,4,1,Finance,"/crypto/coinbase/clarity-act-stablecoin-yield-ban | /crypto/usdc | /crypto/bernstein-circle-coinbase-stablecoin-kings-ai-era"
articles,NewsArticle,define-malware-deepload-ai-obfuscation-clickfix-2026,/define/malware/deepload-ai-obfuscation-clickfix-2026,"DeepLoad Malware | AI Obfuscation & ClickFix Tactics Bypass Enterprise Defenses",3,4,1,Other,"/tech/federal-agencies-grok-safety-concerns-pentagon-classified-approval-2026 | /tech | /define/malware"
articles,NewsArticle,disney-news-incoming-ceo-floats-premiering-films-in-fortnite,/disney/news/incoming-ceo-floats-premiering-films-in-fortnite,"Disney",3,4,1,Other,"/disney/josh-damaro | /disney | /entertainment/netflix"
articles,NewsArticle,entertainment-apple-tv-apple-tv-plus-outcome-trailer-keanu-reeves-jonah-hill-april-2026,/entertainment/apple-tv/apple-tv-plus-outcome-trailer-keanu-reeves-jonah-hill-april-2026,"",3,4,1,Entertainment,"/apple | /entertainment/apple-tv/spring-2026-premiere-schedule-imperfect-women-for-all-mankind-outcome-margos-got-money-troubles"
articles,NewsArticle,entertainment-news-jack-ryan-ghost-war-trailer-prime-video-2026,/entertainment/news/jack-ryan-ghost-war-trailer-prime-video-2026,"Jack Ryan: Ghost War | John Krasinski Returns in Official Trailer for May 20 Pri",3,4,1,Entertainment,"/entertainment/news/project-hail-mary-vr-game-journey-among-the-stars-meta-quest | /amazon/news/amazon-acquires-fauna-robotics-sprout-humanoid | /amazon/news/amazon-1-hour-3-hour-delivery-us-launch-march-2026"
articles,NewsArticle,google-news-google-deepmind-claude-code-steve-yegge-demis-hassabis-2026,/google/news/google-deepmind-claude-code-steve-yegge-demis-hassabis-2026,"DeepMind Uses Claude Code | Steve Yegge vs Demis Hassabis 2026",3,4,1,Google,"/claude/news/anthropic-claude-pro-plan-claude-code-access-2026 | /google | /google/ai-coding-strike-team-antigravity-claude-code-2026"
articles,NewsArticle,intel-18a-high-volume-manufacturing,/intel/18a-high-volume-manufacturing,"Intel begins high-volume chip production, completing roadmap",3,4,1,Other,"/intel | /nvidia | /news"
articles,NewsArticle,meta-news-instagram-plus-subscription-test-philippines-japan-mexico-2026,/meta/news/instagram-plus-subscription-test-philippines-japan-mexico-2026,"Meta Debuts Instagram Plus",3,4,1,Tech / AI,"/meta | /tech"
articles,NewsArticle,meta-virtual-reality-polyarc-eidos-montreal-layoffs-march-2026,/meta/virtual-reality/polyarc-eidos-montreal-layoffs-march-2026,"Polyarc and Eidos-Montréal Hit by Major Layoffs as Industry Crisis Persists",3,4,1,Tech / AI,"/social/meta/news/meta-targeted-layoffs-reality-labs-social-teams-march-2026 | /social/meta/news/meta-ray-ban-display-glasses-eu-blocked-battery-regulation-2026 | /tech/news/gaming-industry-layoffs-ea-sony-riot-ubisoft-february-2026"
articles,NewsArticle,microsoft-news-amazon-ceo-jassy-ai-eliminate-jobs,/microsoft/news/amazon-ceo-jassy-ai-eliminate-jobs,"Amazon CEO Andy Jassy States AI Will Reduce Headcount in Many Long-Standing Role",3,4,1,Tech / AI,"/amazon | /open-ai | /microsoft/news/gaming-industry-layoffs-ea-sony-riot-ubisoft-february-2026"
articles,NewsArticle,microsoft-news-apple-five-new-products-march-2026,/microsoft/news/apple-five-new-products-march-2026,"Apple Set to Announce at Least Five New Products in Early March 2026 Via Multi-D",3,4,1,Tech / AI,"/apple | /microsoft/news/apple-core-ai-framework-replace-core-ml-wwdc | /tech"
articles,NewsArticle,microsoft-news-aws-uae-data-center-fire-iran-strikes,/microsoft/news/aws-uae-data-center-fire-iran-strikes,"AWS Temporarily Shuts Down UAE Availability Zone mec1-az2 After Objects Strike F",3,4,1,Tech / AI,"/microsoft/news/google-iran-cyber-attacks-global-infrastructure | /amazon | /tech"
articles,NewsArticle,microsoft-news-federal-agencies-grok-safety-pentagon-classified,/microsoft/news/federal-agencies-grok-safety-pentagon-classified,"Federal Agencies Raised Concerns About Grok Safety and Reliability Before Pentag",3,4,1,Tech / AI,"/claude | /open-ai | /tech"
articles,NewsArticle,microsoft-news-yamanaka-factors-reverse-cellular-aging-markers,/microsoft/news/yamanaka-factors-reverse-cellular-aging-markers,"Yamanaka Factors Can Reverse Cellular Aging Markers in Studies | But Not Yet Saf",3,4,1,Tech / AI,"/microsoft/news/life-biosciences-fda-clearance-epigenetic-reprogramming-er-100 | /research | /bio-hacking"
articles,NewsArticle,news-layoffs-xai-musk-confirms-layoffs-reorganization,/news/layoffs/xai-musk-confirms-layoffs-reorganization,"Musk Confirms xAI Layoffs Amid Company Reorganization",3,4,1,Other,"/elon-musk | /open-ai | /news"
articles,NewsArticle,news-ubc-crispr-topical-gene-therapy-skin,/news/ubc-crispr-topical-gene-therapy-skin,"UBC Researchers Develop First Topical CRISPR-Based Gene Therapy for Skin Disorde",3,4,1,Other,"/bio-hacking | /research | /tech"
articles,NewsArticle,nvidia-news-nvidia-earth-day-2026-ai-climate-initiatives,/nvidia/news/nvidia-earth-day-2026-ai-climate-initiatives,"NVIDIA Earth Day 2026 | 5 Breakthrough AI Initiatives Saving the Planet",3,4,1,Nvidia,"/nvidia"
articles,NewsArticle,open-ai-news-chatgpt-brand-apps-realtor-sephora-in-platform-commerce,/open-ai/news/chatgpt-brand-apps-realtor-sephora-in-platform-commerce,"Realtor.com Launches ChatGPT App as Brands Race to Build In-Platform Commerce",3,4,1,OpenAI,"/open-ai | /saas/news/shopify-agentic-storefronts-chatgpt-default-march-2026 | /open-ai/news/symphony-open-source-autonomous-coding-agents"
articles,NewsArticle,open-ai-news-openai-gpt-5-4-cyber-federal-briefings-five-eyes-2026,/open-ai/news/openai-gpt-5-4-cyber-federal-briefings-five-eyes-2026,"OpenAI Demos Cyber AI Model for Federal Agencies, Five Eyes",3,4,1,OpenAI,"/microsoft/news/microsoft-anthropic-mythos-ai-sdl-integration-2026 | /open-ai | /microsoft"
articles,NewsArticle,tech-deepseek-news-deepseek-v4-model-late-april-launch-huawei-ascend-chips,/tech/deepseek/news/deepseek-v4-model-late-april-launch-huawei-ascend-chips,"DeepSeek Founder Says V4 Model to Launch in Late April on Huawei Chips",3,4,1,Tech / AI,"/nvidia/news/blackwell-b300-vs-amd-mi300x-vs-google-tpu-v6-2026-benchmark | /claude/news/software-stocks-crater-anthropic-mythos-gatekeep | /claude/news/anthropic-coreweave-multiyear-data-center-deal"
articles,NewsArticle,tech-digital-realty-digital-realty-3-25-billion-hyperscale-data-center-fund-2026,/tech/digital-realty/digital-realty-3-25-billion-hyperscale-data-center-fund-2026,"Digital Realty Closes $3.25B Hyperscale Data Center Fund | First U.S. Vehicle Ta",3,4,1,Tech / AI,"/tech | /finance"
articles,NewsArticle,tech-news-ai-industry-millions-texas-races-2026-midterms,/tech/news/ai-industry-millions-texas-races-2026-midterms,"AI Industry Pours Millions Into Texas Races as 2026 Midterms Heat Up",3,4,1,Tech / AI,"/elon-musk/xai | /microsoft/news/microsoft-chevron-7b-texas-power-plant | /technology/sanders-aoc-ai-data-center-moratorium-act-march-2026"
articles,NewsArticle,technology-news-helium-crisis-semiconductor-iran-conflict-2026,/technology/news/helium-crisis-semiconductor-iran-conflict-2026,"Helium Crisis Hits Semiconductor Giants Amid Iran Conflict",3,4,1,Tech / AI,"/technology/news/intel-amd-cpu-prices-surge-15-percent-shortage-2026 | /technology | /finance"
articles,NewsArticle,technology-stablecoins-mastercard-bvnk-acquisition-1-8-billion-march-2026,/technology/stablecoins/mastercard-bvnk-acquisition-1-8-billion-march-2026,"Mastercard to Acquire BVNK for $1.8 Billion in Massive Stablecoin Bet",3,4,1,Tech / AI,"/technology/stablecoins | /finance"
articles,NewsArticle,trump-news-trump-iran-warning-pakistan-negotiations,/trump/news/trump-iran-warning-pakistan-negotiations,"Trump Issues Warning to Iran Ahead of High-Stakes Negotiations in Pakistan",3,4,1,Trump / Politics,"/technology/news/helium-crisis-semiconductor-iran-conflict-2026 | /trump/shadow-license-problem | /trump/trump-auto-tariffs-25-percent-april-3"
articles,NewsArticle,trump-news-world-foundation-wld-token-sale-65-million-2026,/trump/news/world-foundation-wld-token-sale-65-million-2026,"World Foundation Sells $65M in WLD Tokens Near All-Time Low",3,4,1,Trump / Politics,"/trump/WLFI-stablecoin | /crypto/coinbase/clarity-act-stablecoin-yield-ban | /crypto/bernstein-circle-coinbase-stablecoin-kings-ai-era"
articles,NewsArticle,video-games-new-crimson-desert-console-footage-pushback,/video-games/new/crimson-desert/console-footage-pushback,"Crimson Desert Dev Pushes Back on Claims of Hiding Console Footage",3,4,1,Video Games,"/video-games/new/crimson-desert | /video-games/new/windrose/release-date-holdoff | /video-games/news/slay-the-spire-2"
articles,NewsArticle,video-games-new-windrose-release-date-holdoff,/video-games/new/windrose/release-date-holdoff,"Windrose Dev Holds Off on Release Date Despite 1M Wishlists",3,4,1,Video Games,"/video-games/new/windrose | /video-games/new/crimson-desert | /video-games/news/slay-the-spire-2"
articles,NewsArticle,video-games-news-arc-raiders-discord-plaintext-security,/video-games/news/arc-raiders-discord-plaintext-security,"Arc Raiders Logged Discord DMs and Tokens in Plaintext, Embark Says Hotfix Comin",3,4,1,Video Games,"/video-games/news/epic-games-sues-fortnite-leaks-contractor | /video-games/news/rockstar-gta6-psn-profile-exploit | /video-games/news/slay-the-spire-2"
articles,NewsArticle,video-games-news-epic-games-sues-fortnite-leaks-contractor,/video-games/news/epic-games-sues-fortnite-leaks-contractor,"Epic Games Sues Contractor Who Ran Fortnite Leaks Account",3,4,1,Video Games,"/video-games/news/rockstar-gta6-psn-profile-exploit | /video-games/news/arc-raiders-discord-plaintext-security | /video-games/news/gta6-pre-orders-as-take-two-ausures-sony-microsoft-no-more-delay"
articles,NewsArticle,video-games-news-my-hero-ultra-rumble-season-15-review,/video-games/news/my-hero-ultra-rumble-season-15-review,"My Hero Ultra Rumble Season 15: Tokoyami, Neo Academia & Patch 1.14.0 | Full Rev",3,4,1,Video Games,"/video-games/mha/ultra-rumble/season-15 | /video-games/mha/ultra-rumble/season-15/strike-overhaul"
articles,NewsArticle,video-games-news-rockstar-gta6-psn-profile-exploit,/video-games/news/rockstar-gta6-psn-profile-exploit,"Rockstar Pulls GTA 6 IDs from PlayStation Store After Profile Exploit",3,4,1,Video Games,"/video-games/news/gta6-pre-orders-as-take-two-ausures-sony-microsoft-no-more-delay | /video-games/news/gta-6-pre-orders-playstation-store-database-update-march-2026 | /video-games/news/epic-games-sues-fortnite-leaks-contractor"
articles,NewsArticle,video-games-nintendo-pokemon-pokopia-2-million-copies-4-days-switch-2,/video-games/nintendo/pokemon-pokopia-2-million-copies-4-days-switch-2,"Pokémon Pokopia Sells 2.2M Copies in 4 Days, Shattering Spin-Off Records",3,4,1,Video Games,"/video-games/switch2/pokemon-pokopia | /video-games/nintendo"
articles,NewsArticle,winter-olympics-china-eileen-gu,/winter-olympics/china/eileen-gu,"Eileen Gu: Freestyle Skiing",3,4,1,Winter Olympics,"/winter-olympics/chloe-kim-historic-three-peat-bid | /winter-olympics/usa/ilia-malinin | /winter-olympics"
articles,NewsArticle,winter-olympics-chloe-kim-historic-three-peat-bid,/winter-olympics/chloe-kim-historic-three-peat-bid,"Chloe Kim Faces Unfamiliar Hurdles in Bid for Historic Olympic Halfpipe Three-Pe",3,4,1,Winter Olympics,"/winter-olympics/usa/team-usa-wins-two-skiing-silvers | /winter-olympics/usa/malinin-surges-into-lead-olympic-figure-skating | /winter-olympics"
articles,NewsArticle,winter-olympics-italy-first-gold-lollobrigida,/winter-olympics/italy-first-gold-lollobrigida,"Italy Wins First Gold as Milano Cortina Olympics Open",3,4,1,Winter Olympics,"/winter-olympics | /authors/conan-boyle"
articles,NewsArticle,winter-olympics-mikaela-shiffrin,/winter-olympics/mikaela-shiffrin,"Mikaela Shiffrin: The Greatest Alpine Skier of All Time",3,4,1,Winter Olympics,"/winter-olympics/chloe-kim-historic-three-peat-bid | /winter-olympics/lindsey-vonn | /winter-olympics"
articles,NewsArticle,winter-olympics-norway-johannes-klaebo,/winter-olympics/norway/johannes-klaebo,"Johannes Høsflot Klæbo: Chasing Cross-Country Immortality",3,4,1,Winter Olympics,"/winter-olympics/usa/ilia-malinin | /winter-olympics/china/eileen-gu | /winter-olympics"
articles,NewsArticle,winter-olympics-swiss-skier-von-allmen-wins-third-gold,/winter-olympics/swiss-skier-von-allmen-wins-third-gold,"Swiss Skier von Allmen Wins Third Gold, Joins All-Time Greats",3,4,1,Winter Olympics,"/winter-olympics/usa-sweeps-gold-silver-in-womens-moguls | /winter-olympics/usa/team-usa-wins-five-medals-across-five-sports | /winter-olympics"
articles,NewsArticle,winter-olympics-usa-breezy-johnson,/winter-olympics/usa/breezy-johnson,"Breezy Johnson: America",3,4,1,Winter Olympics,"/winter-olympics/mikaela-shiffrin | /winter-olympics/usa/ilia-malinin | /winter-olympics"
articles,NewsArticle,winter-olympics-usa-ilia-malinin,/winter-olympics/usa/ilia-malinin,"Ilia Malinin: The ",3,4,1,Winter Olympics,"/winter-olympics/usa/team-usa-wins-two-skiing-silvers | /winter-olympics/usa/breezy-johnson | /winter-olympics"
articles,NewsArticle,winter-olympics-usa-malinin-surges-into-lead-olympic-figure-skating,/winter-olympics/usa/malinin-surges-into-lead-olympic-figure-skating,"Malinin Surges Into Lead in Olympic Men",3,4,1,Winter Olympics,"/winter-olympics/usa/team-usa-wins-two-skiing-silvers | /winter-olympics/usa/team-usa-wins-five-medals-across-five-sports | /winter-olympics"
articles,NewsArticle,winter-olympics-usa-sweeps-gold-silver-in-womens-moguls,/winter-olympics/usa-sweeps-gold-silver-in-womens-moguls,"USA Sweeps Gold, Silver in Women",3,4,1,Winter Olympics,"/winter-olympics/usa/team-usa-wins-five-medals-across-five-sports | /winter-olympics/swiss-skier-von-allmen-wins-third-gold | /winter-olympics"
articles,NewsArticle,winter-olympics-usa-team-usa-wins-five-medals-across-five-sports,/winter-olympics/usa/team-usa-wins-five-medals-across-five-sports,"Team USA Wins Five Medals Across Five Sports at Milan Cortina",3,4,1,Winter Olympics,"/winter-olympics/usa-sweeps-gold-silver-in-womens-moguls | /winter-olympics/swiss-skier-von-allmen-wins-third-gold | /winter-olympics"
articles,NewsArticle,winter-olympics-usa-team-usa-wins-two-skiing-silvers,/winter-olympics/usa/team-usa-wins-two-skiing-silvers,"Team USA Wins Two Skiing Silvers at Milano Cortina Olympics",3,4,1,Winter Olympics,"/winter-olympics/usa-sweeps-gold-silver-in-womens-moguls | /winter-olympics/usa/team-usa-wins-five-medals-across-five-sports | /winter-olympics"
articles,NewsArticle,world-cup-news-2026-world-cup-48-team-field-complete-italy-out,/world-cup/news/2026-world-cup-48-team-field-complete-italy-out,"2026 World Cup Field Complete | Italy Out, 48 Nations Set",3,4,1,World Cup,"/world-cup | /world-cup/news/host-cities-security-funding-frozen-dhs-shutdown | /world-cup/news/trump-iran-world-cup-2026-usa-hosting-controversy"
articles,NewsArticle,youtube-sidemen-ksi-dagenham-redbridge,/youtube/sidemen/ksi/dagenham-redbridge,"KSI Becomes Co-Owner of Dagenham & Redbridge FC | Vows to Take Sixth-Tier Club t",3,4,1,YouTube / Sidemen,"/youtube/sidemen | /youtube/sidemen/ksi"
jack_articles,JackArticle,finance-news-charles-schwab-prediction-markets-rick-wurster-2026,/finance/news/charles-schwab-prediction-markets-rick-wurster-2026,"Charles Schwab Prediction Markets | Rick Wurster Confirms Exploration",4,5,1,Finance,"/crypto/news/coinbase-armstrong-network-states-everything-exchange | /copyright/news/aoc-mlb-polymarket-gambling-warning | /copyright/news/detroit-first-city-oppose-prediction-markets-coinbase-lawsuit-2026 | /crypto/news/visa-usdc-solana-settlement-lead-bank-cross-river"
jack_articles,JackArticle,open-ai-news-world-worldcoin-tools-for-humanity-deep-face-tinder-zoom-docusign-human-id,/open-ai/news/world-worldcoin-tools-for-humanity-deep-face-tinder-zoom-docusign-human-id,"World ID Expands | Deep Face, Tinder Human Badge, Zoom, DocuSign",4,5,1,OpenAI,"/claude/news/software-stocks-crater-anthropic-mythos-gatekeep | /open-ai/news/symphony-open-source-autonomous-coding-agents | /claude/news/anthropic-claude-design-conversational-visual-canvas-canva-partnership | /open-ai/news/chatgpt-brand-apps-realtor-sephora-in-platform-commerce"
jack_articles,JackArticle,tech-news-white-collar-jobs-decline-31-consecutive-months-2026,/tech/news/white-collar-jobs-decline-31-consecutive-months-2026,"White-Collar Jobs | 31 Months of Contraction, No Recession",4,5,1,Tech / AI,"/california/california-tech-layoffs-2026-ai-restructuring-26000-job-cuts | /amazon/news/andy-jassy-ai-will-reduce-headcount-many-roles-cnbc-february-2026 | /tech/news/gaming-industry-layoffs-ea-sony-riot-ubisoft-february-2026 | /meta/news/meta-poaches-thinking-machines-lab-founders-mira-murati-2026"
article_pages,ArticlePage,video-games-ark-raiders,/video-games/ark-raiders,"ARK Raiders | Nexon Co-op Extraction Shooter",2,3,1,Video Games,"/video-games"